teacher_id,first_name,last_name,email,hire_date,active
1,Aarav,Sharma,aarav.sharma@example.edu,2015-07-01,True
2,Diya,Mehra,diya.mehra@example.edu,2016-06-15,True
3,Raj,Verma,raj.verma@example.edu,2012-03-01,True
4,Anjali,Kumar,anjali.kumar@example.edu,2017-09-23,True
5,Siddharth,Rao,siddharth.rao@example.edu,2014-01-05,True
6,Neha,Kapoor,neha.kapoor@example.edu,2018-08-17,True
7,Karan,Malhotra,karan.malhotra@example.edu,2011-11-20,True
8,Pooja,Iyer,pooja.iyer@example.edu,2019-01-10,True
9,Rohan,Nair,rohan.nair@example.edu,2013-04-12,True
10,Sneha,Desai,sneha.desai@example.edu,2015-05-30,True
11,Amit,Joshi,amit.joshi@example.edu,2010-02-15,True
12,Tanya,Singh,tanya.singh@example.edu,2020-07-11,True
13,Vikram,Das,vikram.das@example.edu,2016-11-18,True
14,Ritika,Patel,ritika.patel@example.edu,2014-09-01,True
15,Gaurav,Sen,gaurav.sen@example.edu,2013-06-21,True
16,Megha,Roy,megha.roy@example.edu,2012-10-09,True
17,Aditya,Bansal,aditya.bansal@example.edu,2011-08-25,True
18,Ishita,Chopra,ishita.chopra@example.edu,2017-05-05,True
19,Nikhil,Mishra,nikhil.mishra@example.edu,2015-03-18,True
20,Riya,Gupta,riya.gupta@example.edu,2018-02-14,True
21,Manav,Seth,manav.seth@example.edu,2019-12-01,True
22,Shalini,Menon,shalini.menon@example.edu,2010-04-03,True
23,Harshit,Agarwal,harshit.agarwal@example.edu,2013-07-20,True
24,Lavanya,Bhatt,lavanya.bhatt@example.edu,2012-12-12,True
25,Yash,Goswami,yash.goswami@example.edu,2016-01-10,True
26,Nandini,Chawla,nandini.chawla@example.edu,2014-06-06,True
27,Arjun,Trivedi,arjun.trivedi@example.edu,2011-10-01,True
28,Kriti,Saxena,kriti.saxena@example.edu,2017-03-22,True
29,Dev,Kulkarni,dev.kulkarni@example.edu,2010-05-19,True
30,Mitali,Jain,mitali.jain@example.edu,2018-09-09,True
31,Parth,Rastogi,parth.rastogi@example.edu,2019-04-04,True
32,Aishwarya,Dwivedi,aishwarya.dwivedi@example.edu,2016-12-13,True
33,Tanmay,Garg,tanmay.garg@example.edu,2013-01-30,True
34,Bhavna,Vyas,bhavna.vyas@example.edu,2015-08-08,True
35,Sahil,Mehta,sahil.mehta@example.edu,2012-07-17,True
36,Priya,Pandey,priya.pandey@example.edu,2014-11-05,True
37,Abhishek,Suri,abhishek.suri@example.edu,2011-06-11,True
38,Swati,Tiwari,swati.tiwari@example.edu,2013-03-27,True
39,Ravindra,Kohli,ravindra.kohli@example.edu,2017-10-10,True
40,Sonali,Chatterjee,sonali.chatterjee@example.edu,2018-06-26,True
41,Vinay,Thakur,vinay.thakur@example.edu,2010-09-15,True
42,Garima,Nagpal,garima.nagpal@example.edu,2019-11-29,True
43,Arpit,Dwivedi,arpit.dwivedi@example.edu,2016-02-16,True
44,Nisha,Reddy,nisha.reddy@example.edu,2014-08-02,True
45,Rakesh,Yadav,rakesh.yadav@example.edu,2011-03-04,True
46,Pallavi,Joshi,pallavi.joshi@example.edu,2015-10-21,True
47,Shubham,Rawat,shubham.rawat@example.edu,2013-09-30,True
48,Deepika,Gill,deepika.gill@example.edu,2012-01-08,True
49,Ankit,Saxena,ankit.saxena@example.edu,2020-01-01,True
